latlon,planning_area_id
52.5070039_13.5985472,10400836
52.5430244_13.3626634,01401047
52.5221737_13.1663149,05200527
52.5673085_13.4942244,11100308
52.5062647_13.5900589,10400836
52.5050079_13.5575525,10300733
52.3864845_13.4036823,07601544
52.3854787_13.3994422,07601544
52.4391996_13.2142934,06400737
52.4050209_13.5685776,09301024
52.4001047_13.5726254,09301025
52.4706145_13.4417252,08100417
52.587514_13.2853339,12200515
52.5426877_13.3761831,01300836
52.5415699_13.3531233,01401046
52.542169_13.3741752,01300836
52.5226306_13.4509141,02500726
52.5237491_13.4507961,02500726
52.5429908_13.3700829,01300836
52.4217236_13.3704503,07601237
52.5375235_13.4013397,01100416
52.5248933_13.4800899,11300620
52.5120892_13.4968299,11300725
52.4452836_13.4454241,08200727
52.5385236_13.4165117,03701555
52.4168874_13.4963783,08401243
52.4339053_13.3596915,06200316
52.4872914_13.4316592,08100312
52.5814637_13.4029105,03200206
52.5823668_13.4040219,03200207
52.5820291_13.4043113,03200207
52.5869646_13.4015307,03200205
52.4449396_13.5666894,09200819
52.414471_13.3644032,07601237
52.3912405_13.397806,07601544
52.5353892_13.433938,03701660
52.5189314_13.3425708,01200629
52.4767367_13.4385561,08100207
52.4995051_13.4184313,02300314
52.5010065_13.4167002,02300314
52.5032353_13.4126862,02100104
52.4996901_13.4224908,02300314
52.501761_13.4198923,02300314
52.570857_13.410568,03400723
52.5151724_13.4982769,11300725
52.5318974_13.1550112,05200423
52.5409609_13.348044,01401046
52.5409285_13.3479893,01401046
52.4372311_13.2369067,06400839
52.4922321_13.3235669,04501149
52.3929941_13.420424,07601545
52.5061907_13.4659535,02500834
52.4880635_13.3022079,04501146
52.4181125_13.4360268,08200832
52.5044921_13.4680671,02500834
52.4107871_13.2610248,06300525
52.4382765_13.2315014,06400838
52.4379488_13.2332901,06400839
52.545285_13.4478986,03601449
52.5455759_13.4411768,03601245
52.583122_13.405046,03200207
52.5180444_13.2788969,04200308
52.5167016_13.6089982,10400835
52.5287087_13.1921555,05200629
52.6139024_13.2394855,12400619
52.6133006_13.2324139,12400619
52.4969481_13.4198093,02300417
52.4330215_13.3935019,07501134
52.5100348_13.2867046,04300415
52.5179075_13.4494221,02400522
52.5169788_13.4388926,02400623
52.5194807_13.451848,02400522
52.5112738_13.4704979,02500832
52.546669_13.358232,01400942
52.5405531_13.3937649,01300835
52.5172624_13.1870436,05200633
52.5452105_13.3602486,01401047
52.5862471_13.4069502,03200207
52.5111524_13.3915255,01100207
52.5359247_13.1952216,05100316
52.5370906_13.2020913,05100316
52.4783004_13.3084154,04400830
52.4784025_13.3086171,04400830
52.5370175_13.4284632,03701658
52.4025572_13.5259192,09300922
52.5168731_13.5555206,10300731
52.5171066_13.4797687,11300722
52.4463118_13.4542758,08200726
52.5022101_13.303575,04500936
52.5202215_13.3371771,01200522
52.5101997_13.2812688,04200311
52.4838564_13.3831666,07400720
52.5463117_13.4106149,03601142
52.5463632_13.4110389,03601142
52.5977237_13.3556628,12601134
52.4715775_13.337615,07300618
52.5161748_13.4637562,02500728
52.5169173_13.5550064,10300731
52.5228489_13.5562288,10300731
52.5582365_13.4168349,03400827
52.4680535_13.3371328,07300618
52.5683827_13.4387523,03300516
52.4903784_13.3630872,07100206
52.5802334_13.3976274,03200206
52.5243978_13.3345637,01200522
52.4565169_13.5773996,09501939
52.5246155_13.3333874,01200521
52.4976513_13.3518464,07100102
52.435696_13.5464933,09200716
52.4313863_13.5366657,09200715
52.5182056_13.2899845,04300413
52.4968787_13.4327884,02300418
52.4910643_13.2929804,04400727
52.4729696_13.2903059,04400832
52.5652271_13.3225919,12200309
52.5275946_13.5385794,10100312
52.5276577_13.541783,10100312
52.526867_13.5423988,10100312
52.5422067_13.3421336,01400938
52.4660896_13.4697318,08100521
52.4666796_13.4315627,08100105
52.4236203_13.398078,07501134
52.5069836_13.3235233,04300624
52.4660249_13.3298707,07300618
52.546799_13.3542923,01400942
52.5086806_13.6135579,10400939
52.4017164_13.5631936,09301024
52.4894099_13.3940018,02200211
52.5055708_13.3238505,04300624
52.5235386_13.4050443,01100309
52.4370295_13.3454693,06200313
52.4462632_13.3166159,06300630
52.4998804_13.3920709,02100102
52.5192331_13.3890912,01100206
52.5872625_13.2852657,12200515
52.5355457_13.2676267,05300841
52.5098315_13.461891,02500833
52.55003_13.45803,03500935
52.3858628_13.3986527,07601544
52.49095_13.3765126,02200209
52.4852782_13.4340485,08100312
52.4433021_13.2959457,06300634
52.4921303_13.4576505,09100101
52.4889734_13.4029214,02200211
52.5212411_13.5839234,10200629
52.5212123_13.5837717,10200629
52.5213832_13.5847957,10200629
52.5930853_13.4579767,03300514
52.4373484_13.7206689,09501838
52.4695358_13.4374864,08100208
52.51747_13.3182709,04300622
52.5023031_13.3216325,04501041
52.4886219_13.3197266,04501147
52.4502045_13.6249039,09501737
52.5356109_13.4349571,03601451
52.4915935_13.3171517,04501044
52.4276113_13.303598,06300632
52.5203803_13.3022936,04300619
52.4855613_13.2713109,04400728
52.4937665_13.3816391,02200208
52.4988867_13.4424881,02300419
52.5465805_13.3660608,01401043
52.453411_13.4378787,08200624
52.5585308_13.4129533,03400826
52.5165273_13.2582009,04200309
52.4806718_13.4228778,08100101
52.4802426_13.4282316,08100206
52.5346521_13.397816,01100415
52.4239174_13.4367135,08200730
52.4180859_13.4360267,08200832
52.5235074_13.1967364,05200630
52.5235147_13.196782,05200630
52.5211691_13.1968754,05200630
52.5190597_13.1975813,05200630
52.5194886_13.4535089,02500726
52.6017514_13.4707937,03300412
52.5934018_13.4552707,03300514
52.566996_13.329382,12100205
52.4580723_13.3733839,07400823
52.5078344_13.2993013,04300416
52.5673426_13.3621398,12100204
52.5801379_13.3936044,03200206
52.5798272_13.3937317,03200206
52.4636588_13.1628154,05400942
52.5476902_13.4541602,03500936
52.4897355_13.4499694,09100101
52.4269252_13.3040974,06300632
52.4324375_13.3356428,06200314
52.4917197_13.31964,04501147
52.5010071_13.3127763,04501040
52.4806293_13.4352527,08100206
52.5470927_13.497572,11200411
52.4946996_13.3415914,07100101
52.4684368_13.3860031,07400927
52.5098605_13.5033924,11400931
52.4515851_13.2702105,06400842
52.5423577_13.3399136,01400938
52.6162986_13.4854052,03300411
52.6163173_13.4854599,03300411
52.5297891_13.6188319,10200525
52.4429227_13.2955744,06300634
52.5720826_13.5172722,11100205
52.521081_13.2771878,04200308
52.5195937_13.3880946,01100206
52.5036378_13.3229057,04501041
52.4582018_13.2923122,06400844
52.550339_13.4143365,03601243
52.4921791_13.4455574,09100101
52.4979867_13.3492605,07100102
52.5372942_13.4187921,03701555
52.399065_13.555417,09301025
52.4118944_13.5736892,09301126
52.4102683_13.5707178,09301024
52.4001667_13.5724597,09301025
52.4924874_13.3512088,07100204
52.5051351_13.4643013,02500834
52.464035_13.3852943,07400824
52.5021408_13.3209674,04501041
52.5122902_13.4478409,02400624
52.5320884_13.4137427,03701556
52.5370914_13.4237067,03701658
52.5036468_13.3344495,04501042
52.5492327_13.4125742,03601142
52.5049669_13.4965732,11400929
52.5052556_13.500017,11400929
52.5273323_13.5073263,11300721
52.5416564_13.3441103,01400938
52.5428949_13.3431514,01400938
52.5423062_13.3432665,01400938
52.5430058_13.3444227,01400938
52.5424141_13.3450472,01400938
52.5426941_13.3413768,01400938
52.4880066_13.5745955,10400837
52.4579411_13.3183029,06100102
52.4849579_13.3523402,07200409
52.4981412_13.3242377,04501044
52.4596715_13.5798627,09502043
52.5418894_13.4180473,03601347
52.4995423_13.3482682,07100102
52.4988705_13.3479676,07100102
52.4994192_13.3522273,07100102
52.4994061_13.393034,02100102
52.5609898_13.3687204,12100101
52.5609369_13.3687579,12100101
52.5608888_13.3687668,12100101
52.5609105_13.3688459,12100101
52.5609567_13.3686897,12100101
52.5196684_13.453657,02500726
52.4941749_13.4560788,09100101
52.4596524_13.5798986,09502043
52.46001_13.5800576,09502043
52.4599774_13.580026,09502043
52.463474_13.5177037,09200511
52.4622663_13.5153648,09200511
52.4642914_13.5162162,09200511
52.5908174_13.3343759,12500926
52.5083432_13.4802655,11300826
52.499653_13.3066061,04500938
52.5515505_13.4408967,03500934
52.4751238_13.3392816,07300517
52.4565781_13.5116762,09200613
52.4415612_13.2985776,06300633
52.4758177_13.4266526,08100103
52.5328643_13.4122153,03701554
52.4892539_13.452381,09100101
52.5288742_13.414305,03701556
52.5234437_13.4461107,02400522
52.4651829_13.3305102,06100103
52.4351925_13.5436805,09200716
52.4363935_13.5443334,09200716
52.4362705_13.5442948,09200716
52.5157941_13.4596096,02500727
52.6327246_13.2912188,12400721
52.6331332_13.2906335,12400721
52.450703_13.3845305,07501030
52.4294092_13.4699872,08300934
52.5158979_13.2878042,04300413
52.5024364_13.3229046,04501041
52.5195584_13.3880736,01100206
52.5682358_13.3623638,12100103
52.5706968_13.3298959,12200307
52.518448_13.4630156,02500728
52.4869608_13.2614101,04400729
52.4645225_13.4889389,09100304
52.4258758_13.3340878,06200314
52.5405574_13.6188162,10200423
52.4984196_13.316643,04501043
52.5159575_13.2606877,04200310
52.5413285_13.2032115,05100315
52.5414633_13.2044599,05100315
52.5163874_13.4453038,02400624
52.5167018_13.4420426,02400624
52.5325455_13.1557157,05200423
52.4284422_13.3282532,06200422
52.5352235_13.4031188,01100416
52.4207134_13.5381838,09300920
52.5127582_13.4716193,02500832
52.4111261_13.6632348,09401635
52.4124503_13.6605932,09401635
52.4123827_13.6623192,09401635
52.457974_13.3184385,06100102
52.5525327_13.4061332,03601141
52.4488685_13.315035,06300633
52.5031761_13.3429064,07100101
52.5031973_13.3429064,07100101
52.5260626_13.3878008,01100309
52.5880588_13.2870229,12200515
52.4806119_13.4787359,09100203
52.4805388_13.4788473,09100203
52.5665039_13.3187028,12200309
52.5663366_13.319358,12200309
52.482908_13.526282,11501340
52.4296637_13.3262693,06200421
52.3944137_13.4104766,07601443
52.3943893_13.4102727,07601443
52.3944026_13.4103822,07601443
52.5136926_13.4729599,02500832
52.5021911_13.4292366,02300315
52.5906718_13.2809364,12200515
52.5521575_13.3824038,01300733
52.4337417_13.3416544,06200314
52.5036091_13.4795316,11400927
52.3868906_13.4025679,07601544
52.4194353_13.5424461,09300920
52.4451029_13.2400811,06400838
52.4352359_13.3271344,06200421
52.5250215_13.3375691,01200522
52.5013845_13.3201621,04501041
52.5353133_13.4037766,01100416
52.5378724_13.4058863,03701554
52.3935557_13.4075614,07601545
52.4808341_13.435737,08100415
52.483038_13.4378372,08100312
52.6333975_13.291976,12400721
52.5043039_13.3901158,02100102
52.5240054_13.3437659,01200626
52.5159781_13.3036074,04300621
52.5679268_13.3983008,03400721
52.5653478_13.3952898,03400721
52.5656052_13.395672,03400721
52.5669582_13.3968088,03400721
52.5267368_13.3896088,01100309
52.4897905_13.4243846,08100311
52.4620635_13.4359018,08200622
52.5260802_13.3877072,01100309
52.4340255_13.3866983,07501133
52.5534565_13.401196,03601140
52.4247869_13.5276471,09300920
52.5608192_13.372045,12100101
52.460004_13.5779747,09502043
52.4859662_13.3568792,07200410
52.5006883_13.3101055,04501040
52.4766051_13.4229869,08100102
52.4145297_13.4967198,08401244
52.4146043_13.4967758,08401244
52.4145688_13.4967458,08401244
52.4151175_13.4945016,08401244
52.4195313_13.492696,08401243
52.5014302_13.3200726,04501041
52.5358236_13.1952184,05100316
52.5358325_13.1951326,05100316
52.5358154_13.1951809,05100316
52.5358456_13.1951809,05100316
52.5357991_13.1952077,05100316
52.5080574_13.4501795,02400624
52.4565717_13.3197023,06100101
52.4565896_13.3195774,06100101
52.4566342_13.3195695,06100101
52.4566259_13.3194581,06100101
52.4566486_13.3194097,06100101
52.4566705_13.319332,06100101
52.456678_13.3194648,06100101
52.4656997_13.3093628,06100101
52.4567206_13.3193343,06100101
52.5059188_13.4697957,02500834
52.5800841_13.3936257,03200206
52.5374174_13.2673104,05300841
52.5424666_13.4186734,03601347
52.5647045_13.504131,11100307
52.5637266_13.5036791,11100308
52.5643209_13.3284749,12100205
52.5644418_13.3284799,12100205
52.4888146_13.2850228,04400726
52.4888808_13.2850255,04400726
52.5675058_13.4116241,03400723
52.505235_13.4483418,02400625
52.4921768_13.4576494,09100101
52.525559_13.3103786,04300518
52.511803_13.3045375,04300621
52.4635718_13.5763585,09502043
52.4920287_13.3819672,02200209
52.5230874_13.3833249,01100308
52.4910825_13.3447653,07200307
52.4987992_13.3445517,07100101
52.5090121_13.4487626,02400624
52.5373695_13.428334,03701658
52.4882714_13.3392172,07200307
52.4866617_13.3564703,07200409
52.5525427_13.4057767,03601140
52.553045_13.4110488,03601141
52.5379724_13.4058447,03701554
52.5522443_13.4108799,03601141
52.5508691_13.4130104,03601141
52.5521986_13.4060832,03601141
52.5475939_13.410429,03601142
52.4789136_13.5242352,11501341
52.5265906_13.3411376,01200520
52.4942314_13.3989897,02200210
52.5510487_13.4061181,03601141
52.5311875_13.3846781,01100415
52.5226653_13.378941,01100308
52.5257115_13.3906909,01100309
52.5218889_13.3519063,01200626
52.4841019_13.4346868,08100314
52.4375245_13.456755,08401139
52.4266586_13.3293034,06200422
52.4267053_13.3292739,06200422
52.4803301_13.3314636,04501153
52.4385922_13.5496009,09200717
52.5346572_13.6095403,10200524
52.488443_13.3525351,07200409
52.504363_13.3409675,07100101
52.5069998_13.467787,02500834
52.4280827_13.3287609,06200422
52.4838433_13.362203,07200413
52.4854446_13.3824177,02200209
52.492138_13.366436,07100206
52.5516924_13.4480931,03500935
52.5102279_13.3237857,04300624
52.4942657_13.3635302,07100205
52.5283903_13.3867211,01100415
52.4889845_13.278031,04400726
52.588185_13.331228,12500926
52.5053375_13.3265501,04300622
52.4631947_13.3393849,06100210
52.5054207_13.5155864,11401137
52.5104734_13.5048089,11400931
52.48501_13.4267484,08100206
52.4551335_13.1449198,05400944
52.5665888_13.3462534,12100204
52.4276177_13.3272341,06200422
52.4746423_13.3395432,07300618
52.500463_13.4317524,02300315
52.5260999_13.3876281,01100309
52.4717302_13.3349803,07300517
52.470012_13.333345,07300517
52.5314432_13.4132786,03701556
52.5127157_13.4957951,11300725
52.543439_13.4119353,03601142
52.4286741_13.3289149,06200422
52.5039053_13.5124842,11401136
52.546524_13.4186345,03601347
52.5187914_13.3871576,01100206
52.4940397_13.4597423,09100101
52.4940415_13.4598751,09100101
52.4939905_13.4597215,09100101
52.4939923_13.4598581,09100101
52.493994_13.4599919,09100101
52.4939429_13.4598323,09100101
52.4939443_13.4599399,09100101
52.4939458_13.4600557,09100101
52.4992727_13.4794097,11501238
52.4827147_13.5268596,11501340
52.4599025_13.4356684,08200622
52.5536115_13.3822186,01401045
52.5535903_13.38223,01401045
52.5536421_13.3822743,01401045
52.5536955_13.3822521,01401045
52.5016895_13.4565437,02500835
52.5360875_13.4271361,03701658
52.5300852_13.4619077,11300616
52.4788622_13.5242269,11501341
52.4788507_13.5242876,11501341
52.4216199_13.3347507,06200422
52.4556224_13.386398,07400927
52.5254773_13.3049719,04300518
52.4995464_13.5071982,11401136
52.446644_13.3846612,07501030
52.4993184_13.5070883,11401136
52.4978889_13.509816,11401136
52.4978354_13.5097928,11401136
52.4807278_13.4350868,08100206
52.5404905_13.4114095,03701554
52.5594758_13.3767047,01300730
52.5266702_13.339727,01200520
52.4528885_13.5700689,09501939
52.472005_13.3349373,07300517
52.4688769_13.3320321,07300516
52.5672758_13.4106913,03400723
52.4719532_13.3349367,07300517
52.4228821_13.4865693,08401242
52.59143_13.2901713,12500824
52.553362_13.4676997,03501038
52.4987783_13.3447605,07100101
52.5380347_13.4231379,03701555
52.633556_13.2873276,12400720
52.5103951_13.3785152,01100205
52.4932054_13.4234797,08100310
52.4659996_13.3074811,06100101
52.4296279_13.457071,08300934
52.5522894_13.4060914,03601141
52.5237311_13.6212142,10400938
52.4354414_13.2307257,06400839
52.4354265_13.2307153,06400839
52.503399_13.3844204,02100101
52.5158617_13.4674407,02500728
52.4413501_13.459,08401138
52.3869215_13.400406,07601544
52.521135_13.5872391,10200629
52.478942_13.4294717,08100206
52.4329822_13.5369713,09200715
52.5101551_13.3053783,04300623
52.4421976_13.2979514,06300633
52.4419771_13.2994374,06300633
52.5143565_13.4703868,02500729
52.5003092_13.4418095,02300419
52.4440052_13.2384408,06400838
52.5937254_13.4603373,03300514
52.5104884_13.5050645,11400931
52.4937478_13.4055674,02200210
52.5093242_13.500655,11400929
52.4451368_13.4009675,07501032
52.4482422_13.3394413,06100206
52.5392285_13.4223188,03701555
52.4777122_13.4258398,08100102
52.4981917_13.3194201,04501044
52.5493212_13.3532948,01400942
52.549344_13.3533311,01400942
52.5493163_13.3533382,01400942
52.549355_13.3533691,01400942
52.549169_13.3534617,01400942
52.5493155_13.3533684,01400942
52.5492959_13.3533691,01400942
52.5493085_13.3534106,01400942
52.5492841_13.3534093,01400942
52.5493464_13.3534187,01400942
52.5493163_13.3534556,01400942
52.4695588_13.3286551,07300516
52.50132_13.3274614,04501042
52.4821756_13.4363454,08100314
52.4288664_13.324001,06200421
52.426811_13.3285787,06200422
52.525396_13.3389966,01200522
52.5064467_13.3903797,02100102
52.5502085_13.3528828,01401048
52.5498158_13.3524912,01400942
52.4938789_13.5076646,11401135
52.5562769_13.4811769,03501038
52.5562673_13.4810562,03501038
52.5495814_13.4577752,03500936
52.5534475_13.4506002,03500933
52.4931799_13.3845516,02200209
52.523702_13.3394893,01200522
52.5111718_13.3042349,04300623
52.4261682_13.3306991,06200422
52.4261471_13.3305905,06200422
52.5027554_13.341074,07100101
52.569427_13.4022993,03400722
52.5126808_13.4960938,11300725
52.507083_13.3217347,04300624
52.5065904_13.2943055,04300416
52.5355053_13.4337496,03701660
52.536887_13.4300298,03701658
52.5350719_13.4360833,03601451
52.5349902_13.4363306,03601451
52.479795_13.4316429,08100206
52.5503783_13.3855181,01300733
52.3865167_13.4053429,07601544
52.4843774_13.35343,07200410
52.4895162_13.389023,02200211
52.4895667_13.3887423,02200211
52.5320442_13.4363923,03701660
52.5341836_13.4323146,03701660
52.5365685_13.437174,03601451
52.5526942_13.3485338,01400939
52.5527133_13.3484857,01400939
52.5248676_13.3042662,04300518
52.5316133_13.4294915,03701660
52.5295845_13.3856801,01100415
52.5078826_13.4501049,02400624
52.5175085_13.4616826,02500728
52.5174979_13.4616864,02500728
52.5162367_13.4610014,02500728
52.5073813_13.3222925,04300624
52.4869003_13.3386993,07200307
52.4380458_13.5536739,09200717
52.5348333_13.4336767,03701660
52.5345859_13.4438868,03601451
52.5333836_13.4289958,03701658
52.5334109_13.4290263,03701658
52.4752709_13.4471135,08100416
52.4885072_13.4095434,08100101
52.4850704_13.4240453,08100101
52.4567709_13.4376068,08200623
52.5010582_13.4081697,02100105
52.5429789_13.4416837,03601449
52.542428_13.4415207,03601449
52.5420457_13.4410762,03601449
52.5420017_13.4410942,03601449
52.4906648_13.4180705,02200213
52.4776436_13.4255998,08100102
52.4746185_13.4206508,08100103
52.4740532_13.4242092,08100103
52.4765864_13.4200806,08100102
52.4755833_13.4237875,08100103
52.5447282_13.4189288,03601347
52.5161983_13.4785868,11300722
52.630761_13.2866925,12400720
52.4792922_13.4257949,08100206
52.4776325_13.4380277,08100207
52.4774322_13.438193,08100207
52.4772511_13.4385338,08100207
52.477271_13.4384535,08100207
52.4772813_13.4385166,08100207
52.4778472_13.4380919,08100207
52.4779_13.4380467,08100207
52.4780291_13.4379548,08100207
52.4888794_13.394763,02200211
52.5013651_13.310485,04501040
52.4651335_13.4356284,08100209
52.4707567_13.3267348,07300516
52.4907476_13.5273471,11501339
52.4774_13.4318039,08100207
52.4852545_13.4301666,08100314
52.5212983_13.2793689,04200308
52.4891837_13.3884668,02200211
52.4894787_13.3885776,02200211
52.4763154_13.3265737,07300515
52.4758478_13.3365151,07300517
52.4990243_13.2901861,04500937
52.498424_13.2901792,04500937
52.4789021_13.3247264,04501151
52.4789086_13.3226831,04501151
52.4733862_13.3275253,07300515
52.4762371_13.3272693,07300515
52.5483595_13.3561243,01401048
52.4763171_13.3292201,07300517
52.4758725_13.3276818,07300515
52.4978578_13.5098054,11401136
52.4666678_13.5854026,09502042
52.4752449_13.3288062,07300517
52.4704312_13.3351151,07300618
52.4740063_13.3378612,07300517
52.4742994_13.3382267,07300517
52.4745744_13.3386317,07300517
52.4757707_13.3388156,07300517
52.5190608_13.1975068,05200630
52.5554522_13.3425459,01400937
52.4976648_13.2905759,04500937
52.4976101_13.2906107,04500937
52.4762802_13.3387579,07300517
52.4754598_13.335549,07300517
52.4884879_13.425211,08100311
52.4885399_13.4251777,08100311
52.4885919_13.4251444,08100311
52.4757709_13.3386646,07300517
52.4746724_13.3394793,07300618
52.4726594_13.3292611,07300517
52.4812796_13.3286969,04501151
52.4796939_13.3274551,04501151
52.4717951_13.3275603,07300515
52.4596874_13.3830802,07400824
52.5101335_13.4501451,02400624
52.4815835_13.3245632,04501151
52.4712389_13.3346305,07300517
52.4716711_13.3335045,07300517
52.4660223_13.3299049,07300618
52.4959062_13.2967747,04500938
52.4958528_13.2972179,04500938
52.4795733_13.327625,04501151
52.4783818_13.3279004,04501151
52.5040086_13.452399,02500835
52.5442115_13.4263652,03601348
52.4800904_13.4255376,08100206
52.4979572_13.2895786,04500937
52.5855737_13.3670807,03400619
52.5858924_13.3619825,03400619
52.469436_13.3357146,07300618
52.4723427_13.3266466,07300515
52.5739854_13.3593394,12100103
52.4819075_13.3281684,04501151
52.4815557_13.328664,04501151
52.4819659_13.3219841,04501151
52.4815387_13.3288914,04501151
52.4815212_13.3288711,04501151
52.4801836_13.327858,04501151
52.4800823_13.3277264,04501151
52.4813093_13.3287174,04501151
52.4660181_13.3299364,07300618
52.4615002_13.3258394,06100103
52.4614723_13.3258406,06100103
52.4615061_13.3257313,06100103
52.4695802_13.3370521,07300618
52.474624_13.3228019,07300515
52.4820008_13.424566,08100101
52.4671998_13.330337,07300516
52.4671661_13.3303003,07300516
52.482022_13.3292395,04501151
52.4815662_13.3287138,04501151
52.4921559_13.3877601,02200211
52.5163454_13.3090175,04300621
52.4747773_13.314737,04400835
52.4747023_13.3147299,04400835
52.475115_13.3139363,04400834
52.4750948_13.3138297,04400834
52.4853342_13.3270952,04501150
52.4845653_13.3304982,04501150
52.4845611_13.330578,04501150
52.4821581_13.3293785,04501151
52.5349997_13.3799485,01100414
52.480875_13.3131157,04501148
52.4743656_13.314986,04400835
52.4748648_13.3138789,04400834
52.4748247_13.3138421,04400834
52.4748328_13.313921,04400834
52.4881336_13.2935714,04400727
52.4953293_13.2873191,04500937
52.5849218_13.2282808,12400616
52.4694756_13.3335663,07300618
52.4695143_13.333604,07300618
52.5386675_13.4249064,03701658
52.5358031_13.4273371,03701658
52.4638656_13.4337255,08100209
52.4927945_13.3866443,02200209
52.5307528_13.4358626,03701660
52.4977539_13.3609033,07100103
52.3858705_13.3955459,07601546
52.3859386_13.3955212,07601546
52.5191186_13.1975627,05200630
52.5190945_13.197556,05200630
52.5192008_13.1974715,05200630
52.5609741_13.3686657,12100101
52.5485589_13.3630598,01401043
52.5492072_13.4124394,03601142
52.4824498_13.3206747,04501151
52.4961892_13.2980743,04500938
52.497507_13.295826,04500938
52.4974816_13.2958316,04500938
52.4976_13.295763,04500938
52.497585_13.2956405,04500938
52.497561_13.2956742,04500938
52.4975569_13.2956046,04500938
52.4975343_13.2956675,04500938
52.4975884_13.2955866,04500938
52.4807131_13.3200643,04501148
52.5301388_13.3359035,01200519
52.4935712_13.4132846,02200213
52.3865423_13.3947194,07601546
52.3865432_13.3946176,07601546
52.3865137_13.3946235,07601546
52.3864809_13.3946337,07601546
52.3865148_13.3947197,07601546
52.386483_13.3947199,07601546
52.486052_13.3497352,07200409
52.4858679_13.3517929,07200409
52.4660078_13.3074098,06100101
52.4827406_13.350455,07200410
52.4824823_13.3498708,07200410
52.4823166_13.3499065,07200410
52.4812032_13.3213903,04501151
52.4723362_13.3198394,04400835
52.4724452_13.3195112,04400835
52.4725479_13.317949,04400835
52.4725404_13.3180052,04400835
52.472622_13.3174076,04400835
52.4726153_13.3174704,04400835
52.4734375_13.3140772,04400834
52.4736136_13.3153072,04400835
52.4792551_13.2934403,04400830
52.4755429_13.3281219,07300515
52.4518584_13.3333151,06100206
52.4518283_13.3334023,06100206
52.4517952_13.3332591,06100206
52.4518042_13.3333924,06100206
52.4510214_13.3356509,06100206
52.4717007_13.3274576,07300515
52.4717244_13.3274425,07300515
52.471703_13.3274023,07300515
52.504904_13.3811964,02100101
52.451303_13.2699847,06400842
52.4508093_13.3368853,06100206
52.4590577_13.3155001,06100101
52.4579496_13.3213283,06100102
52.4588883_13.3214167,06100102
52.4588691_13.3214518,06100102
52.4624941_13.5227383,09200511
52.471829_13.3203837,07300515
52.4720796_13.3196333,04400835
52.4719978_13.31948,04400835
52.4612462_13.5246799,09200511
52.4597218_13.337881,06100209
52.4632057_13.5205334,09200511
52.4599819_13.5234267,09200511
52.4582191_13.3222936,06100102
52.4616493_13.3256713,06100103
52.4626767_13.3266716,06100103
52.4575558_13.3218087,06100102
52.4591536_13.5257389,09200511
52.4720774_13.3275085,07300515
52.4720589_13.3275647,07300515
52.4720083_13.3275625,07300515
52.4719727_13.3275074,07300515
52.4699843_13.3241268,07300516
52.4690811_13.3119952,04400835
52.469045_13.3120499,04400835
52.4690793_13.3120879,04400835
52.4691264_13.3121228,04400835
52.4673234_13.3083345,06400844
52.4799914_13.4419597,08100415
52.5026636_13.3886962,02100102
52.4869391_13.3383776,07200307
52.486624_13.3384211,07200307
52.4815302_13.342181,07200308
52.5512044_13.2075829,05100313
52.4692098_13.3270246,07300516
52.4716685_13.3302789,07300517
52.4843561_13.3534875,07200410
52.4843174_13.3534375,07200410
52.4843281_13.3534821,07200410
52.4843988_13.3535267,07200410
52.4844062_13.3535631,07200410
52.4843849_13.3535928,07200410
52.484375_13.3535429,07200410
52.4802463_13.3446961,07200308
52.4546117_13.5172215,09200613
52.4999624_13.4319753,02300315
52.5014627_13.2959473,04500937
52.4862603_13.3323717,04501153
52.4862101_13.3323717,04501153
52.4862588_13.3324323,04501153
52.4862552_13.3324725,04501153
52.4862258_13.3324484,04501153
52.4862362_13.3324926,04501153
52.4802846_13.3434202,07200308
52.4767683_13.3773517,07400721
52.4794227_13.6035862,10400941
52.4922815_13.402144,02200210
52.4869956_13.3383383,07200307
52.4870187_13.3384126,07200307
52.486949_13.3384653,07200307
52.4869438_13.3383097,07200307
52.4869514_13.3305353,04501150
52.4869278_13.3305415,04501150
52.50326_13.3369579,04501042
52.5021_13.336481,04501042
52.5020692_13.3364562,04501042
52.5020601_13.3365416,04501042
52.5009978_13.3359781,04501042
52.4386083_13.5495876,09200717
52.4387712_13.5493889,09200717
52.4880308_13.3414364,07200307
52.5075148_13.3062074,04300623
52.5572714_13.3405048,01400939
52.5894876_13.2834041,12200515
52.4623435_13.3216613,06100102
52.4713382_13.3273636,07300516
52.4712094_13.323795,07300516
52.471221_13.3237085,07300516
52.4713702_13.3185486,04400835
52.5265693_13.3351024,01200521
52.4681354_13.3321218,07300618
52.4681096_13.3320972,07300618
52.4635431_13.3257343,06100103
52.4657071_13.3285878,07300516
52.4657049_13.3286413,07300516
52.4657041_13.3287083,07300516
52.46567_13.3286401,07300516
52.4656641_13.3287034,07300516
52.4656374_13.3285854,07300516
52.4656367_13.328634,07300516
52.4656352_13.328701,07300516
52.4656819_13.3287557,07300516
52.4801536_13.3427802,07200308
52.5481267_13.4138842,03601346
52.4664723_13.3279562,07300516
52.4607714_13.3240856,06100102
52.4608079_13.3240653,06100102
52.4608524_13.3241156,06100102
52.4705238_13.332008,07300517
52.4811865_13.4272342,08100206
52.487761_13.3327185,04501152
52.487745_13.3326751,04501152
52.4884911_13.3414615,07200307
52.4884947_13.3415022,07200307
52.4888846_13.3419228,07200307
52.481281_13.4404571,08100415
52.5206654_13.601967,10400835
52.462617_13.4347079,08200622
52.4698065_13.348346,07300619
52.4697642_13.34835,07300619
52.4794964_13.4427951,08100415
52.485723_13.4318601,08100312
52.632699_13.2922874,12400721
52.6325765_13.2914067,12400721
52.6345744_13.2900434,12400721
52.6336188_13.2933318,12400721
52.6331281_13.2906304,12400721
52.6337341_13.2898508,12400721
52.5537478_13.3446336,01400938
52.4722076_13.3209047,07300515
52.4713139_13.3195367,04400835
52.4727811_13.3140114,04400834
52.472255_13.3230853,07300515
52.4933562_13.4278557,08100310
52.4848206_13.3348635,04501153
52.4881845_13.3385873,07200307
52.4868954_13.3436457,07200307
52.4867769_13.3419491,07200307
52.6331874_13.2881203,12400720
52.5071658_13.5923822,10400836
52.4675031_13.3081817,06400844
52.4886706_13.3013352,04500939
52.4886453_13.3012678,04500939
52.4885783_13.3011812,04500939
52.4886823_13.3012183,04500939
52.4886344_13.3012026,04500939
52.5258635_13.300948,04300517
52.5371202_13.3724445,01100308
52.5535468_13.4121636,03601141
52.4819586_13.4400577,08100312
52.4866977_13.3348675,04501153
52.4548387_13.3243272,06100102
52.4853088_13.3524553,07200409
52.4854579_13.3399035,07200308
52.4697782_13.440094,08100208
52.4858_13.4244936,08100206
52.498569_13.3008379,04500938
52.4487644_13.3533448,06100205
52.551134_13.4106037,03601141
52.5092356_13.4998585,11400929
52.3941761_13.4118694,07601545
52.4752044_13.4400164,08100416
52.4883713_13.4256366,08100311
52.5662917_13.4093188,03400723
52.5604713_13.4127157,03400826
52.5662104_13.4093075,03400723
52.5545583_13.4101515,03601139
52.4240216_13.3945755,07501135
52.4239202_13.3946645,07501135
52.4846058_13.4277273,08100206
52.4858635_13.4244957,08100206
52.485862_13.4245507,08100206
52.4858606_13.4246057,08100206
52.5026836_13.4620758,02500835
52.4733308_13.3378789,07300618
52.3941581_13.4122876,07601545
52.4654774_13.3858231,07400927
52.4869778_13.3384081,07200307
52.5203975_13.1861824,05200527
52.4957155_13.4680512,02500836
52.5150115_13.4858872,11300724
52.501481_13.4415933,02300316
52.4611091_13.3851631,07400927
52.6375072_13.2948727,12400721
52.514867_13.4856756,11300724
52.4124731_13.1401475,06400735
52.4148854_13.4962124,08401244
52.4479866_13.3160489,06300630
52.5138362_13.47935,11300722
52.5415214_13.6150593,10200423
52.5709283_13.3795384,12100102
52.4936522_13.3563393,07100204
52.55774_13.3791368,01300730
52.6115578_13.4822518,03300412
52.5376325_13.605919,10200421
52.5148188_13.3371688,01200629
52.4276478_13.3200347,06200421
52.5194899_13.564527,10300732
52.4385567_13.3344157,06200312
52.4517378_13.5215332,09200613
52.4733223_13.4285229,08100208
52.549602_13.457846,03500936
52.5495684_13.4577843,03500936
52.5495951_13.4578513,03500936
52.4786891_13.4273681,08100206
52.5492553_13.4562135,03500936
52.5492395_13.4560826,03500936
52.5492676_13.4562036,03500936
52.5492605_13.4562092,03500936
52.5489674_13.4548199,03500936
52.4972224_13.293313,04500938
52.5670662_13.4160715,03400830
52.5668991_13.4157349,03400830
52.5669455_13.4158288,03400830
52.4523056_13.5346547,09200613
52.4522696_13.5348156,09200613
52.4523252_13.5349309,09200613
52.459679_13.3215888,06100102
52.4803463_13.4336667,08100206
52.4803209_13.4336731,08100206
52.4595327_13.3228831,06100102
52.4595607_13.3228566,06100102
52.4602035_13.323584,06100102
52.4607003_13.324784,06100103
52.4607396_13.3248572,06100103
52.4606519_13.3247492,06100103
52.4605604_13.325124,06100103
52.4606549_13.3247939,06100103
52.5734881_13.3595486,12100103
52.5685997_13.361267,12100204
52.488762_13.3446347,07200307
52.4507255_13.6321032,09501737
52.4563485_13.512383,09200613
52.4568641_13.5101252,09200613
52.4586439_13.3232671,06100102
52.4584069_13.323926,06100102
52.4576706_13.3331114,06100208
52.4964973_13.3110176,04501043
52.4984435_13.3181635,04501043
52.5077789_13.3166637,04300624
52.5475938_13.4535654,03500936
52.5242006_13.3504303,01200626
52.4644532_13.3256025,06100103
52.4644745_13.325537,06100103
52.4591529_13.3256531,06100102
52.4591147_13.3224056,06100102
52.4591464_13.3224653,06100102
52.4590689_13.3222472,06100102
52.4588678_13.3221707,06100102
52.4588872_13.3222223,06100102
52.458859_13.322221,06100102
52.5354872_13.4235479,03701658
52.4582475_13.322521,06100102
52.4582188_13.3225199,06100102
52.4581823_13.3215657,06100102
52.4581872_13.3223584,06100102
52.4576402_13.3218408,06100102
52.4576011_13.3218293,06100102
52.4575101_13.3217747,06100102
52.4575895_13.3217635,06100102
52.4575525_13.3217326,06100102
52.4575341_13.3216634,06100102
52.457493_13.3217127,06100102
52.4574091_13.3217426,06100102
52.4571774_13.3225713,06100102
52.4570864_13.322635,06100102
52.4572089_13.3228177,06100102
52.4561714_13.324289,06100102
52.5122925_13.3122178,04300621
52.5123009_13.3122969,04300621
52.5123034_13.31237,04300621
52.4684768_13.4316172,08100208
52.501052_13.2972664,04500937
52.5002016_13.2999432,04500937
52.49896_13.2999048,04500937
52.4989382_13.2998109,04500937
52.4990139_13.2999511,04500937
52.4977019_13.2997249,04500938
52.5095709_13.3061488,04300623
52.5094998_13.3061678,04300623
52.5094728_13.3061742,04300623
52.5094396_13.3061831,04300623
52.5453265_13.4479015,03601449
52.5452994_13.4478712,03601449
52.545318_13.4478923,03601449
52.5452901_13.4478614,03601449
52.5453095_13.4478815,03601449
52.4850919_13.3626991,07200413
52.5120946_13.3104117,04300621
52.4601139_13.32584,06100103
52.4862844_13.3571107,07200410
52.4767943_13.3774585,07400721
52.5481551_13.1836754,05100210
52.4369036_13.3449015,06200313
52.4884658_13.3534502,07200409
52.4557244_13.3751513,07400823
52.531997_13.4571603,03601450
52.5318128_13.4573337,03601450
52.4914066_13.3305919,04501152
52.5361893_13.2800517,04100101
52.5075321_13.3062069,04300623
52.4613535_13.3858695,07400927
52.5698959_13.3646466,12100103
52.5643032_13.3284945,12100205
52.5517688_13.3892583,01300733
52.5539477_13.3464515,01400939
52.549802_13.3495359,01400938
52.5610271_13.40919,03400826
52.4496746_13.2693893,06400842
52.4631948_13.3192076,06100102
52.6314197_13.2898718,12400720
52.5316949_13.3508605,01200623
52.4451535_13.3855789,07501030
52.4588377_13.3221587,06100102
52.4598314_13.3231573,06100102
52.4561701_13.4374464,08200623
52.5117819_13.3899118,01100207
52.4622637_13.3218987,06100102
52.4806185_13.4352169,08100206
52.5488777_13.4125114,03601142
52.4455712_13.3730224,07501029
52.5742089_13.4449133,03300516
52.5300419_13.6189071,10200525
52.4983345_13.5803235,10400837
52.4797841_13.4318531,08100206
52.4797912_13.4317692,08100206
52.5148403_13.4776894,11300722
52.5414584_13.6154142,10200423
52.5421539_13.6066345,10200422
52.5302488_13.4615806,11300616
52.5350251_13.4232777,03701659
52.5475012_13.4168696,03601346
52.431718_13.2594329,06300526
52.5420601_13.4198403,03601347
52.5351722_13.4226422,03701659
52.5468194_13.4169349,03601346
52.5481037_13.4178809,03601346
52.5136214_13.2633229,04200310
52.5259415_13.3355336,01200521
52.4830007_13.3824366,07400720
52.4374587_13.3450885,06200313
52.4369905_13.3453652,06200313
52.4369817_13.3453716,06200313
52.4369714_13.3453781,06200313
52.4368977_13.3455358,06200313
52.4369121_13.3455264,06200313
52.5500048_13.4579777,03500935
52.5380687_13.419422,03701555
52.4952946_13.4304816,02300418
52.4664372_13.3295551,07300516
52.5171277_13.453085,02400522
52.3863245_13.4028818,07601544
52.540753_13.4214594,03601348
52.5407511_13.4215406,03601348
52.5405265_13.4220768,03601348
52.5313097_13.421709,03701659
52.4529354_13.3323477,06100208
52.5379892_13.4247836,03701658
52.537883_13.4230505,03701555
52.4998493_13.3920592,02100102
52.486746_13.3564396,07200409
52.4867754_13.3564935,07200409
52.4881328_13.3405829,07200307
52.4881273_13.3405546,07200307
52.4879988_13.340558,07200307
52.4879587_13.3405438,07200307
52.4880707_13.3405114,07200307
52.5005462_13.3917318,02100102
52.5174431_13.3369028,01200629
52.5118266_13.3869579,01100207
52.4982236_13.3254462,04501045
52.5032883_13.3655475,01100103
52.52252_13.1979424,05200631
52.4947349_13.2955441,04500938
52.5643393_13.3287849,12100205
52.5668757_13.363065,12100102
52.583556_13.2881093,12200515
52.565217_13.3632059,12100204
52.562176_13.3296938,01400937
52.5101678_13.4639905,02500833
52.5425389_13.4164849,03601347
52.4699748_13.3211937,07300516
52.4591837_13.3206282,06100102
52.4590926_13.3208835,06100102
52.4587998_13.3216838,06100102
52.476348_13.4390268,08100207
52.4871544_13.5742712,10400837
52.6314672_13.2888614,12400720
52.6325376_13.2869888,12400720
52.6325292_13.286996,12400720
52.6314362_13.2898991,12400720
52.4185333_13.4968859,08401243
52.5613333_13.4103034,03400826
52.4460816_13.3860239,07501031
52.5067482_13.3285654,04300622
52.5067384_13.3285823,04300622
52.5067421_13.328635,04300622
52.5067478_13.3285853,04300622
52.4897557_13.3592151,07200409
52.4692364_13.3257364,07300516
52.5419164_13.4231791,03601348
52.5419497_13.4231926,03601348
52.537553_13.4238801,03701658
52.4746677_13.3395867,07300618
52.474567_13.3395939,07300618
52.4746025_13.3395942,07300618
52.5088136_13.3164993,04300624
52.4664731_13.3473645,07300619
52.4859503_13.322887,04501150
52.5330448_13.2077507,05100317
52.4119354_13.5737693,09301126
52.4579592_13.3183719,06100102
52.4400222_13.3002777,06300633
52.4409838_13.5699623,09200819
52.4409248_13.5699898,09200819
52.4191117_13.1580955,06400735
52.550061_13.3625938,01401048
52.5278209_13.374643,01100308
52.5249118_13.3787923,01100308
52.4828349_13.5251069,11501339
52.4554803_13.576614,09501939
52.5069536_13.3234884,04300624
52.5070379_13.3235133,04300624
52.5069863_13.3234784,04300624
52.5069145_13.323453,04300624
52.506909_13.3233795,04300624
52.5069386_13.3234478,04300624
52.507354_13.323902,04300624
52.4419_13.4549054,08200727
52.5470683_13.3920673,01300834
52.4538594_13.3173645,06100207
52.5377134_13.4263098,03701658
52.5528448_13.5727895,10100209
52.5213255_13.6187224,10400938
52.5514881_13.387495,01300733
52.5511521_13.3841608,01300733
52.5118255_13.3868785,01100207
52.4832511_13.5273166,11501340
52.5251071_13.3773367,01100308
52.5334743_13.4038996,01100416
52.5139141_13.3094876,04300621
52.5124749_13.5886001,10400836
52.5981578_13.3557281,12601134
52.5981556_13.35557,12601134
52.5981178_13.3555749,12601134
52.5981201_13.3557064,12601134
52.5982039_13.3556354,12601134
52.5981898_13.3555797,12601134
52.5972097_13.3558568,12601134
52.5976497_13.3555195,12601134
52.5977084_13.3555395,12601134
52.5976674_13.3555514,12601134
52.5976882_13.3555961,12601134
52.5976654_13.355701,12601134
52.5976509_13.3557845,12601134
52.5976448_13.3557264,12601134
52.5976934_13.3557417,12601134
52.5976367_13.3556613,12601134
52.5976873_13.3556717,12601134
52.5075245_13.3171182,04300624
52.5604111_13.4127206,03400826
52.535311_13.4038043,01100416
52.5639698_13.3915022,01300731
52.524422_13.3279084,01200521
52.4977948_13.3512323,07100102
52.5159721_13.4406996,02400624
52.5824787_13.4115917,03200207
52.4671849_13.3413901,07300619
52.4729636_13.4286641,08100208
52.5577471_13.3789077,01300730
52.5444224_13.4254865,03601348
52.5481281_13.3665016,01401043
52.5052511_13.5575246,10300733
52.5450517_13.3628163,01401043
52.5434336_13.4218526,03601348
52.4915124_13.3625597,07100206
52.4575007_13.4483531,08200623
52.4528157_13.4373619,08200624
52.5328962_13.4121279,03701554
52.6350345_13.4948856,03100103
52.6348571_13.4952994,03100103
52.4942699_13.3336221,04501152
52.5191999_13.564522,10300732
52.5190647_13.5644976,10300732
52.5191839_13.5650475,10300732
52.5190956_13.5645202,10300732
52.519263_13.5647349,10300732
52.5192228_13.5650852,10300732
52.5148595_13.4860306,11300724
52.5240481_13.4087115,01100310
52.5321669_13.3928056,01100415
52.4459846_13.504967,09100407
52.4469026_13.5073263,09100408
52.4745666_13.339537,07300618
52.4635275_13.5108153,09200510
52.5068537_13.4159908,01100313
52.4527405_13.5098159,09100408
52.4527895_13.509878,09100408
52.4527005_13.5097905,09100408
52.4526774_13.5097629,09100408
52.5102369_13.3961423,01100207
52.4846824_13.4284886,08100314
52.4846718_13.4285262,08100314
52.5113015_13.3977506,01100207
52.4679956_13.4307137,08100104
52.4662825_13.4857736,09100304
52.4664934_13.4853828,09100304
52.4566673_13.578319,09501939
52.4689692_13.3201741,07300516
52.5092967_13.613895,10400939
52.5246191_13.2993911,04300517
52.4878622_13.3372958,07200307
52.4872768_13.336671,04501153
52.5442091_13.2371007,05300737
52.5239738_13.4800041,11300620
52.4527226_13.5098,09100408
52.5407412_13.4866016,11200513
52.5318353_13.4696536,11300616
52.5275552_13.4685134,11300618
52.4893898_13.4505704,09100101
52.5105088_13.3959459,01100207
52.4815485_13.3190694,04501148
52.4865543_13.3314064,04501153
52.5431994_13.4423197,03601449
52.5071247_13.3947881,02100102
52.5633045_13.3287743,12200309
52.5668918_13.3170343,12200309
52.5701291_13.3213944,12200309
52.4815398_13.3289844,04501151
52.5104923_13.2716035,04200310
52.5306975_13.3841248,01100415
52.5117692_13.3868843,01100207
52.521847_13.4098188,01100310
52.519834_13.4111159,01100310
52.5133809_13.4053524,01100312
52.5268708_13.5425973,10100312
52.5276071_13.5421939,10100312
52.5204665_13.5558118,10300731
52.5264625_13.3501221,01200625
52.54973_13.3498263,01400938
52.5069033_13.3218338,04300624
52.4818892_13.440147,08100312
52.4803687_13.4394937,08100415
52.549263_13.4133047,03601142
52.5509103_13.4079077,03601141
52.4123291_13.5725477,09301024
52.4905931_13.456649,09100101
52.5241575_13.4800051,11300620
52.517681_13.5829,10200629
52.5111499_13.6121832,10400939
52.509361_13.6138214,10400939
52.5071368_13.592044,10400836
52.5360082_13.4270624,03701658
52.5372848_13.1879163,05100316
52.4985391_13.3071113,04500939
52.4789497_13.4451781,08100415
52.6128103_13.2315014,12400617
52.607565_13.2348292,12400619
52.4935361_13.4134932,02200213
52.507579_13.414104,01100313
52.4322633_13.2196207,06400838
52.4271388_13.216597,06400736
52.4327628_13.7098785,09501838
52.543989_13.3735976,01300836
52.5320913_13.1981714,05200629
52.5366282_13.2052104,05100316
52.5376866_13.2060246,05100316
52.5376635_13.2036654,05100316
52.542908_13.2059594,05100315
52.5211632_13.1970215,05200630
52.5208942_13.1948184,05200630
52.5254705_13.1971411,05200631
52.4678648_13.4421953,08100209
52.4889422_13.3939616,02200211
52.5356492_13.1956671,05100316
52.5217984_13.198061,05200631
52.5133802_13.6120014,10400938
52.5236295_13.386715,01100308
52.4671189_13.4886389,09100304
52.512828_13.1833779,05200634
52.4364093_13.3464079,06200313
52.517377_13.4686866,02500728
52.5144491_13.4652178,02500831
52.5144752_13.4648596,02500831
52.4825451_13.526263,11501340
52.5467539_13.2094458,05100313
52.5678242_13.5724583,10100103
52.5643537_13.4445534,03300516
52.4163173_13.3997542,07601442
52.5473903_13.1871238,05100210
52.4564263_13.3209201,06100102
52.5953568_13.3351509,12500926
52.4997043_13.4969744,11400928
52.4125676_13.359647,07601340
52.4675849_13.3308517,07300516
52.4672318_13.3279955,07300516
52.5249401_13.1424401,05200524
52.5463569_13.3586662,01400942
52.5054076_13.5142084,11401137
52.4274299_13.3262036,06200422
52.4286915_13.3289561,06200422
52.4920349_13.4194693,02200213
52.4801897_13.3428141,07200308
52.5057922_13.5128096,11400930
52.5028212_13.3167347,04501041
52.4236416_13.3978849,07501134
52.4752159_13.2899562,04400831
52.5667802_13.4155075,03400830
52.4578484_13.2924415,06400843
52.5355836_13.4063535,01100416
52.5015083_13.3110277,04501040
52.5235603_13.450092,02500726
52.5351745_13.3988143,01100416
52.4479601_13.3849712,07501030
52.5268409_13.4141481,01100310
52.4912774_13.3447676,07200307
52.4866004_13.3565305,07200409
52.497907_13.2973176,04500938
52.5260065_13.3022696,04300517
52.5214676_13.4496352,02400522
52.4565269_13.319862,06100101
52.4332816_13.5362695,09200715
52.4317485_13.5373807,09200715
52.5174584_13.4428803,02400522
52.5267866_13.4149448,01100310
52.5361217_13.2754707,05300841
52.5274856_13.3978184,01100309
52.5189866_13.4155159,01100311
52.5218636_13.4107221,01100310
52.5207833_13.5917073,10200630
52.5178278_13.4294411,02400623
52.4130862_13.3638844,07601237
52.5031924_13.3883155,02100102
52.5088216_13.4612497,02500833
52.5062364_13.4658756,02500834
52.551654_13.3669194,01401049
52.5498675_13.3686632,01401044
52.4776537_13.4258598,08100102
52.4773102_13.4229686,08100102
52.5528911_13.4058278,03601140
52.507096_13.3063256,04300623
52.5068886_13.3234474,04300624
52.5433846_13.5712888,10100316
52.429272_13.3228567,06200421
52.4317492_13.3374668,06200314
52.4415204_13.2986338,06300633
52.4380311_13.233166,06400839
52.5060889_13.3140939,04300624
52.4544874_13.3238828,06100207
52.4845367_13.3847889,07400720
52.5495274_13.4153133,03601243
52.5014402_13.4559559,02500835
52.5270388_13.3302792,01200521
52.5242051_13.3343198,01200522
52.547683_13.4146196,03601346
52.5185603_13.3879579,01100206
52.5247199_13.3794578,01100308
52.4590312_13.5255932,09200511
52.4977192_13.2927797,04500937
52.4976209_13.2956562,04500938
52.5047368_13.4953236,11400929
52.6066817_13.4199092,03200310
52.4957099_13.2976849,04500938
52.5618492_13.2069484,05100105
52.5053398_13.5582606,10300733
52.4592786_13.5795409,09502043
52.4941966_13.4356179,02300418
52.5495695_13.5770672,10100207
52.5576682_13.2082963,05100104
52.5621448_13.2088093,05100103
52.4860593_13.3566766,07200410
52.5420046_13.4200711,03601347
52.5114912_13.3083188,04300621
52.5111671_13.3055221,04300623
52.5096216_13.3054736,04300623
52.5090254_13.3067193,04300623
52.55144_13.3827993,01300836
52.5120353_13.4967682,11300725
52.4414372_13.3157131,06300633
52.4476658_13.3150432,06300633
52.5255288_13.3050256,04300518
52.548636_13.5040553,11200411
52.4706903_13.441201,08100208
52.4512997_13.624489,09501737
52.4503297_13.6249106,09501737
52.499708_13.3912545,02100102
52.480346_13.4363242,08100415
52.4806677_13.435211,08100206
52.4814172_13.4341084,08100206
52.4850824_13.4266376,08100206
52.4810205_13.4336999,08100206
52.4773129_13.4384935,08100207
52.4734058_13.4405484,08100208
52.4759595_13.4265886,08100103
52.4794042_13.4257606,08100206
52.4699293_13.4631867,08100520
52.4740953_13.4496732,08100417
52.4669292_13.3859911,07400927
52.4568204_13.3844542,07400927
52.4466168_13.3852622,07501030
52.4461252_13.385909,07501031
52.4451968_13.3856432,07501030
52.4665033_13.4316536,08100105
52.4639518_13.4336361,08100209
52.4919031_13.3942991,02200210
52.4971815_13.2926384,04500938
52.4564405_13.4372988,08200623
52.4533259_13.438621,08200623
52.5001376_13.3065427,04500936
52.4997229_13.4448618,02300419
52.4901283_13.4235773,02200213
52.546825_13.4126429,03601142
52.5329218_13.4122894,03701554
52.5359237_13.4743188,11200514
52.4421581_13.2408947,06400839
52.5280106_13.4679731,11300618
52.558703_13.413785,03400827
52.569669_13.4033014,03400722
52.5152094_13.4853643,11300724
52.452556_13.5094857,09100408
52.4458331_13.5060772,09100408
52.4412581_13.4588411,08401138
52.4426146_13.4568396,08401138
52.570789_13.410343,03400723
52.5449696_13.3686333,01401043
52.491228_13.4234937,08100310
52.4966636_13.4199367,02300417
52.5816372_13.4045453,03200207
52.5595433_13.3354795,01400937
52.545171_13.3608309,01401047
52.5241148_13.1973279,05200630
52.5164022_13.4406999,02400624
52.5721364_13.4168547,03400723
52.4559146_13.3796436,07400825
52.5365149_13.603422,10200421
52.468338_13.4305501,08100104
52.502178_13.4290863,02300315
52.4857173_13.4660642,09100202
52.4010732_13.5617695,09301025
52.5920493_13.3830878,03400618
52.4157499_13.1456517,06400735
52.4642316_13.4857268,09100304
52.4845855_13.4346685,08100312
52.4943559_13.3835242,02200208
52.46018_13.4350711,08200624
52.4773766_13.2811924,04400727
52.4609874_13.38514,07400927
52.5898484_13.2842663,12200515
52.5876355_13.2860212,12200515
52.5120981_13.3105177,04300621
52.4728776_13.3071455,04400833
52.4745877_13.3146434,04400835
52.4195999_13.5403651,09300920
52.4247473_13.5276421,09300920
52.4565863_13.5089986,09200613
52.4473124_13.5758981,09401534
52.4866689_13.2975626,04400727
52.4581201_13.5786266,09501939
52.5181103_13.496335,11300725
52.5069259_13.2917165,04300415
52.5106517_13.288557,04300414
52.4215579_13.3702571,07601237
52.499528_13.5073798,11401136
52.5499687_13.3891501,01300733
52.5501264_13.384973,01300836
52.5503414_13.3855631,01300733
52.4193408_13.3684082,07601237
52.386944_13.3954661,07601546
52.3868901_13.3997371,07601544
52.5420876_13.3701655,01300836
52.3865399_13.404185,07601544
52.549429_13.4552918,03500935
52.549273_13.4562375,03500936
52.5487495_13.4506766,03500935
52.4386509_13.2155816,06400838
52.4352813_13.3437222,06200313
52.5245938_13.4032424,01100309
52.5492948_13.353572,01400942
52.4874834_13.4238942,02200212
52.550241_13.4142615,03601243
52.4292565_13.4536256,08300934
52.42958_13.4570794,08300934
52.3865161_13.4066989,07601544
52.5200009_13.4793952,11300722
52.5161624_13.4787925,11300722
52.4373715_13.4477689,08200727
52.55057_13.3842488,01300836
52.5136166_13.5179566,11401032
52.5137587_13.5198414,11401033
52.6331147_13.2887685,12400720
52.412393_13.3208889,06200423
52.4767049_13.288994,04400830
52.5060983_13.4957547,11400929
52.5539606_13.3923404,01300733
52.5265328_13.3357313,01200521
52.5268142_13.3365504,01200520
52.5034922_13.3429298,07100101
52.5183557_13.3228681,04300620
52.523569_13.3363347,01200522
52.4488384_13.3038018,06300629
52.5410448_13.4403303,03601449
52.4144688_13.2659311,06300528
52.4234139_13.2419523,06300524
52.5325457_13.1556432,05200423
52.541849_13.3503744,01401046
52.4607968_13.3241522,06100102
52.5130881_13.3048087,04300621
52.5172034_13.3043479,04300621
52.4780536_13.2821088,04400727
52.5080757_13.3018276,04300416
52.4886003_13.3013735,04500939
52.5379148_13.2799585,04100101
52.5123167_13.2653691,04200310
52.5117263_13.2679732,04200310
52.510638_13.2698479,04200310
52.5191931_13.2572734,04200309
52.5158753_13.2609904,04200310
52.5160655_13.2616014,04200308
52.4497045_13.2530168,06400840
52.504119_13.5124502,11401136
52.4977903_13.3609228,07100103
52.58365_13.301616,12500825
52.5235741_13.5438535,10100312
52.5239265_13.4623091,03601453
52.5185444_13.2787702,04200308
52.5480636_13.2013519,05100314
52.5044892_13.3075551,04501040
52.6208593_13.3136912,12400723
52.4576143_13.3217071,06100102
52.4580136_13.3299507,06100208
52.4681087_13.3320271,07300618
52.4041242_13.5072138,08401245
52.4201063_13.4920406,08401243
52.4292698_13.4779131,08401241
52.4866223_13.3386726,07200307
52.4729719_13.2991581,04400832
52.4888204_13.3224732,04501147
52.4901513_13.3227162,04501147
52.5103771_13.2975749,04300416
52.5063159_13.2842068,04300415
52.4931996_13.3667198,07100206
52.4254275_13.4630198,08300935
52.5268005_13.478518,11300617
52.4994495_13.3637956,07100205
52.4335093_13.3598231,06200316
52.5802494_13.3979998,03200206
52.5894147_13.4014334,03200205
52.5714517_13.4108555,03400724
52.4870402_13.5749614,10400837
52.5657093_13.397257,03400721
52.4321449_13.2591411,06300526
52.4904307_13.4094009,02200212
52.4382284_13.5480046,09200717
52.4360165_13.543222,09200716
52.5743966_13.3595153,12100103
52.573665_13.3594452,12100103
52.5028987_13.4129908,02100104
52.4908644_13.4158532,02200212
52.4919934_13.4137912,02200213
52.5544002_13.4317943,03500934
52.4979101_13.340083,07100101
52.4589046_13.3223417,06100102
52.5359441_13.4218153,03701555
52.4509538_13.3409295,06100204
52.5678366_13.5256044,11100203
52.5648301_13.5075743,11100307
52.5673914_13.5180117,11100204
52.5323547_13.3509335,01200623
52.4429005_13.2960084,06300634
52.5187383_13.342953,01200629
52.4646654_13.3261851,06100103
52.4992782_13.4196742,02300314
52.4414305_13.5873859,09401431
52.4119945_13.4022416,07601442
52.5506076_13.3630015,01401049
52.5353861_13.2863661,04100101
52.5555383_13.5592685,10100208
52.5121401_13.4551452,02500833
52.5270341_13.33413,01200519
52.4981158_13.384792,02200208
52.511747_13.2975184,04300414
52.484367_13.4434517,08100312
52.4391125_13.2153565,06400838
52.5122639_13.3903812,01100206
52.6171891_13.4903858,03300411
52.5136594_13.4731765,02500832
52.4372593_13.3451962,06200313
52.4196142_13.1575816,06400735
52.4180116_13.436734,08200832
52.4976442_13.4306508,02300417
52.4743541_13.2944008,04400832
52.535795_13.4961485,11200514
52.5511687_13.163271,05100208
52.5475503_13.1771981,05100211
52.4363152_13.2608479,06400841
52.4107881_13.2617669,06300525
52.4344191_13.2604293,06300526
52.4375339_13.2615692,06400841
52.5010849_13.4083406,02100105
52.5277137_13.5386173,10100312
52.4903456_13.4277648,08100311
52.6339256_13.2896726,12400721
52.6325774_13.2869838,12400720
52.5440277_13.4416805,03601245
52.5774369_13.2791669,12200413
52.5136253_13.2956492,04300413
52.4388221_13.380108,07501029
52.5103045_13.2826523,04200311
52.5102306_13.2814283,04200311
52.4787595_13.5243036,11501341
52.5543245_13.3456342,01400939
52.4805013_13.6013424,10400941
52.5501219_13.3530389,01401048
52.5043326_13.4096148,02100104
52.5885653_13.2843949,12200515
52.5895474_13.2826806,12200515
52.5237553_13.4398917,02400521
52.5405418_13.3938688,01300835
52.5380192_13.3854708,01300835
52.4920432_13.3869021,02200209
52.4553026_13.5770429,09501939
52.444918_13.5747201,09401534
52.427899_13.5848235,09401329
52.4973391_13.5217595,11401137
52.5424964_13.2388868,05300737
52.533075_13.4221508,03701659
52.557697_13.2189479,05100104
52.4824434_13.3497166,07200410
52.4370757_13.388732,07501134
52.5369189_13.2672695,05300841
52.5369057_13.2684032,05300841
52.4885983_13.3390663,07200307
52.532136_13.431803,03701660
52.5060706_13.5582187,10300733
52.5090106_13.451441,02500834
52.4846388_13.4285441,08100314
52.5260899_13.3875545,01100309
52.4460352_13.372337,07501029
52.4460263_13.329341,06100206
52.4513152_13.269836,06400842
52.6097315_13.3294059,12500928
52.581118_13.4024597,03200206
52.4231693_13.3137602,06200421
52.4268932_13.3036661,06300632
52.4988803_13.4203076,02300417
52.5881829_13.4282736,03200207
52.4174336_13.3059616,06200420
52.4939436_13.4601281,09100101
52.595082_13.3333432,12500926
52.4367426_13.4564982,08401139
52.4385108_13.2707693,06400841
52.5483468_13.3562137,01401048
52.5101873_13.4511485,02400624
52.4652856_13.3104944,06100101
52.471767_13.3235696,07300515
52.3981287_13.3914745,07601544
52.5286228_13.4714754,11300617
52.4300081_13.1949978,06400737
52.5708343_13.5635073,10100101
52.4184421_13.496804,08401243
52.5603111_13.4591942,03501037
52.4870726_13.2640301,04400728
52.5636023_13.3910866,01300731
52.532715_13.43824,03701660
52.5461931_13.4455087,03601245
52.4987789_13.3248652,04501045
52.4957807_13.3242479,04501045
52.4967633_13.3198452,04501044
52.5000244_13.3305311,04501045
52.4970403_13.3234022,04501044
52.6360319_13.4934176,03100103
52.518856_13.2898547,04300413
52.5152489_13.290931,04300413
52.4674061_13.4318149,08100209
52.4951332_13.4204287,02200213
52.4257157_13.4838189,08401241
52.5249854_13.5581377,10300731
52.5345031_13.5521929,10100314
52.5211516_13.5874121,10200629
52.4227979_13.4754642,08301037
52.5730689_13.5049041,11100206
52.4467545_13.3418127,06100206
52.4481027_13.3397351,06100206
52.5302571_13.3359327,01200519
52.4996926_13.3125891,04501043
52.4983773_13.311957,04501043
52.4963688_13.3110344,04501043
52.5368301_13.2024674,05100316
52.506761_13.398262,02100103
52.5094033_13.2223693,04200204
52.56849_13.5108472,11100206
52.5688682_13.5162437,11100205
52.5243574_13.3522408,01200626
52.4531286_13.1422529,05400943
52.5035594_13.3444884,07100101
52.4684978_13.4427459,08100209
52.498265_13.3492398,07100102
52.6065358_13.3192004,12500928
52.4766287_13.6007627,10400941
52.5696336_13.3297842,12200307
52.5101677_13.2724807,04200310
52.4866571_13.3215081,04501147
52.478841_13.3299374,04501153
52.4835661_13.4358446,08100314
52.4902187_13.3870554,02200211
52.5504319_13.4597629,03500933
52.4762082_13.4391375,08100207
52.5065338_13.3064648,04300623
52.5251385_13.3436227,01200626
52.4831066_13.3826359,07400720
52.4663151_13.3070112,06400844
52.5117094_13.3046182,04300621
52.4523689_13.3335365,06100208
52.4985147_13.317788,04501043
52.6078978_13.3255639,12601032
52.5221812_13.4024813,01100310
52.4387416_13.5506904,09200717
52.5537834_13.3593736,01401048
52.5347618_13.3977794,01100415
52.4245859_13.4360037,08200730
52.4231003_13.4356893,08200832
52.4205157_13.4273954,08200832
52.5323649_13.1975405,05200629
52.5703596_13.3612245,12100103
52.5667626_13.3630766,12100102
52.4549833_13.1446817,05400944
52.4405588_13.5939645,09401433
52.464407_13.5138972,09200511
52.4604721_13.3763073,07400823
52.5745184_13.5094017,11100206
52.4952479_13.3410681,07100101
52.585693_13.3667283,03400619
52.6343256_13.4943853,03100103
52.6169159_13.3070697,12400722
52.6348377_13.4955488,03100103
52.5191748_13.5645435,10300732
52.4672036_13.342445,07300619
52.4713396_13.3347336,07300517
52.4875333_13.4256151,08100314
52.5912527_13.28343,12200515
52.4998605_13.4247979,02300315
52.4622982_13.3262168,06100103
52.616322_13.4855923,03300411
52.5426874_13.4258787,03601348
52.5299308_13.4017313,01100416
52.5806283_13.4237469,03400725
52.6119717_13.4742827,03300412
52.5196854_13.3874475,01100206
52.526505_13.3417528,01200520
52.5233862_13.299693,04300517
52.5390832_13.2994523,04100102
52.5492831_13.2003621,05100312
52.5212776_13.1854103,05200527
52.4030313_13.5237454,09300922
52.6092659_13.3353607,12601032
52.5894338_13.3346308,12500926
52.5578575_13.3787231,01300730
52.4986655_13.3621019,07100103
52.548374_13.3887526,01300834
52.4576052_13.3197716,06100102
52.567326_13.4108465,03400723
52.5333159_13.1977213,05200629
52.4561207_13.3865318,07400927
52.4721004_13.3275938,07300515
52.4745587_13.3281255,07300515
52.5361903_13.4182329,03701556
52.5438614_13.3446673,01400938
52.4565876_13.3754259,07400823
52.5323503_13.3968456,01100415
52.4939336_13.3535927,07100204
52.5015768_13.3249245,04501041
52.463688_13.3261596,06100103
52.4843624_13.3533655,07200410
52.4885088_13.3588471,07200411
52.4440241_13.5671809,09200819
52.48275_13.5270224,11501340
52.4682275_13.3418488,07300619
52.4947915_13.3384366,07100101
52.5006408_13.3306491,04501042
52.5045271_13.3317185,04501042
52.4659153_13.4870512,09100304
52.5328339_13.4286374,03701659
52.4974009_13.5197847,11401137
52.5648805_13.5063233,11100307
52.4864104_13.4299259,08100311
52.4598672_13.5798681,09502043
52.4984847_13.3508484,07100102
52.4993503_13.3522231,07100102
52.500298_13.3489734,07100102
52.5027647_13.3665376,01100104
52.4883801_13.3490721,07200409
52.498601_13.3544313,07100103
52.5027976_13.3197952,04501041
52.4618568_13.5171942,09200511
52.4638103_13.5184661,09200511
52.4510523_13.3356849,06100206
52.5427547_13.3929225,01300834
52.4522616_13.5867921,09501941
52.5574272_13.5705133,10100206
52.5302632_13.6207446,10200525
52.5441347_13.5484221,10100210
52.4885571_13.4538009,09100101
52.5506141_13.385108,01300733
52.5376932_13.6022698,10200421
52.5487229_13.3544811,01400942
52.536915_13.6028472,10200421
52.4569682_13.5777029,09501939
52.5191421_13.197578,05200630
52.50064_13.3075874,04501040
52.5937649_13.4607566,03300514
52.4796809_13.3276877,04501151
52.5162403_13.3815377,01100206
52.4125675_13.660795,09401635
52.4586221_13.3840737,07400825
52.5651319_13.324363,12200309
52.5281171_13.3863624,01100415
52.5529761_13.3801354,01401045
52.6343857_13.4943757,03100103
52.4806678_13.4786116,09100203
52.3943701_13.410495,07601443
52.4497048_13.3478529,06100205
52.553737_13.4751797,03501037
52.56738_13.3621478,12100204
52.4495841_13.2694016,06400842
52.4315546_13.715511,09501838
52.5662533_13.3456239,12100204
52.5678274_13.3514899,12100205
52.467232_13.3082149,06400844
52.5290131_13.4566633,03601450
52.4544602_13.6254184,09501737
52.5520193_13.3487888,01400938
52.5292971_13.5926423,10200628
52.5463275_13.5924702,10200417
52.3870475_13.4092711,07601547
52.5035548_13.3351723,04501042
52.5014929_13.320417,04501041
52.5869484_13.3682051,03400619
52.5163596_13.3090809,04300621
52.5608476_13.3688276,12100101
52.5531267_13.4674421,03501038
52.4564723_13.5107243,09200613
52.5609831_13.422458,03400829
52.4797463_13.3265646,04501151
52.4350381_13.2594338,06300526
52.4167392_13.4961631,08401243
52.5336443_13.6093932,10200524
52.4852031_13.3627094,07200413
52.6178582_13.3083377,12400723
52.5409918_13.4135467,03601347
52.4638126_13.3449085,07300619
52.5279243_13.3437617,01200625
52.5286371_13.1918731,05200629
52.5353496_13.4355276,03601451
52.506893_13.3736538,01100102
52.5464133_13.4974134,11200411
52.5011294_13.340043,07100101
52.5017853_13.3223333,04501041
52.4740181_13.3379088,07300517
52.5622445_13.3567494,12100204
52.5339592_13.3791115,01100414
52.4444414_13.3999635,07501032
52.5556865_13.4677235,03501037
52.4209973_13.5780562,09301126
52.512012_13.3825855,01100205
52.4779916_13.4257337,08100102
52.5062602_13.6130564,10400939
52.4938077_13.5073306,11401135
52.5533211_13.4343492,03500934
52.4146728_13.3473596,07601339
52.5609423_13.4995745,11200410
52.4723391_13.3333185,07300517
52.5371206_13.2042266,05100316
52.4881753_13.3405964,07200307
52.5459056_13.4285582,03601245
52.5218384_13.1632186,05200527
52.5099653_13.3813694,01100205
52.5846771_13.2289448,12400616
52.5145858_13.4757401,02500729
52.505317_13.295222,04300416
52.4990942_13.4404067,02300419
52.536995_13.6204854,10200524
52.5702396_13.4954864,11100308
52.5646969_13.5711546,10100103
52.5684906_13.5686949,10100103
52.5554393_13.5608781,10100208
52.5487826_13.4286319,03601244
52.4982597_13.4430026,02300419
52.4330755_13.2597431,06300526
52.4818918_13.4318468,08100206
52.4325061_13.3915053,07501134
52.4682465_13.3852028,07400824
52.4764885_13.2887772,04400830
52.5340933_13.5380235,10100312
52.521879_13.1620771,05200526
52.4153134_13.4030883,08200831
52.5378356_13.2182016,05300736
52.5642372_13.3284535,12100205
52.4387079_13.3824627,07501133
52.5017242_13.4330177,02300315
52.525689_13.4222821,02400520
52.6052569_13.4323738,03200310
52.5537851_13.3593388,01401048
52.4938498_13.3326554,04501152
52.540412_13.3948502,01300834
52.5536278_13.4507454,03500933
52.4411922_13.6889974,09501838
52.5992401_13.3549158,12601134
52.597978_13.3557529,12601134
52.597539_13.3557984,12601134
52.5082273_13.4798799,11300826
52.5416626_13.5641461,10100315
52.5018693_13.4322775,02300315
52.5011319_13.4411579,02300316
52.5261333_13.5341455,10100311
